TaskID,TaskSummary,TaskDescription,TaskProgress,TaskStatusID
1,PPT,"This task is about creating PPT for the project",0,1
2,PPT,"This task is about creating PPT for the project",0,1
3,DOC,"This task is about creating PPT for the project",0,1
4,"Code Impl","This task is about code impl",0,1
5,DEMO,"This task is about demo",0,1
6,Alchemist,"This task is about demo",0,1
7,"test task 1","test desc",0,1
8,"test task 1","test desc",0,1
9,"test task 1","test desc",0,1
10,"test task 1","test desc",0,1
11,"test task 1","test desc",0,1
